ISOcode,Country,year,Survey Sample (N),Severe Wasting,Wasting,Overweight,Stunting,Underweight,U5 Population ('000s)
AFG,AFGHANISTAN,1997,"4,846",,18.2,6.5,53.2,44.9,3838.877
AFG,AFGHANISTAN,2004,946,3.5,8.6,4.6,59.3,32.9,4789.353
AFG,AFGHANISTAN,2013,"44,26,469",4.0,9.5,5.3,40.4,24.6,5444.573
AFG,AFGHANISTAN,2018,,1.6,5.1,4.1,38.2,19.1,5601.443
ALB,ALBANIA,1997,"7,642",,8.1,9.5,20.4,7.1,309.225
ALB,ALBANIA,2000,"1,382",6.2,12.2,30.1,39.2,17.0,279.835
ALB,ALBANIA,2005,"1,090",3.7,7.3,24.8,26.7,6.6,219.405
ALB,ALBANIA,2009,"1,489",5.9,9.6,23.2,23.2,6.3,179.312
ALB,ALBANIA,2017,"2,367",0.5,1.6,16.4,11.3,1.5,176.52200000000002
DZA,ALGERIA,1987,"2,344",,4.0,,16.9,8.0,3955.087
DZA,ALGERIA,1992,"4,629",3.0,7.1,8.7,22.9,9.2,3926.3540000000003
DZA,ALGERIA,1995,"3,825",4.2,9.6,13.2,22.5,11.3,3733.1609999999996
DZA,ALGERIA,2000,"4,178",1.1,3.1,14.7,23.6,5.4,3084.85
DZA,ALGERIA,2002,"4,357",5.0,9.6,15.1,24.0,11.1,2877.72
DZA,ALGERIA,2006,"13,885",1.7,4.1,12.9,15.4,3.4,3080.573
DZA,ALGERIA,2012,"13,860",1.4,4.1,12.4,11.7,3.0,4298.747
AGO,ANGOLA,1996,"1,534",1.8,7.7,1.7,61.1,36.2,2749.75
AGO,ANGOLA,2007,"10,224",4.3,8.2,,29.2,15.6,3998.054
AGO,ANGOLA,2015,"7,468",1.1,4.9,3.4,37.6,19.0,5192.358
ARG,ARGENTINA,1994,"5,296",,1.6,11.1,7.1,1.7,3579.9429999999998
ARG,ARGENTINA,1996,"91,943",,4.2,13.5,16.9,4.7,3574.466
ARG,ARGENTINA,2005,"9,99,999",0.2,1.2,9.9,8.2,2.3,3558.316
ARG,ARGENTINA,2019,,,1.6,10.0,7.9,1.7,3741.882
ARM,ARMENIA,1998,"3,241",1.0,3.3,10.8,15.1,2.7,222.62599999999998
ARM,ARMENIA,2000,"1,486",0.7,2.5,15.7,17.3,2.6,196.554
ARM,ARMENIA,2005,"1,377",2.6,5.4,11.4,17.9,4.2,186.62900000000002
ARM,ARMENIA,2010,"1,411",2.0,4.1,16.5,20.9,5.3,201.083
ARM,ARMENIA,2016,"1,609",1.7,4.4,13.7,9.4,2.6,213.834
AUS,AUSTRALIA,1995,"10,36,810",,0.0,7.9,0.0,0.0,1297.817
AUS,AUSTRALIA,2007,"1,007",0.0,0.0,7.7,2.0,0.2,1328.02
AUS,AUSTRALIA,2014,,,,17.9,,,1551.0120000000002
AUS,AUSTRALIA,2017,,,,22.0,,,1595.4489999999998
AZE,AZERBAIJAN,1996,500,,3.8,6.1,28.0,8.8,855.415
AZE,AZERBAIJAN,2000,"1,787",4.1,9.0,6.2,24.2,14.0,712.5419999999999
AZE,AZERBAIJAN,2001,"2,426",,3.2,4.4,18.0,5.9,674.0319999999999
AZE,AZERBAIJAN,2006,"2,125",2.2,6.8,13.9,26.5,8.4,656.929
AZE,AZERBAIJAN,2011,"2,505",2.9,6.6,10.4,16.4,6.5,734.346
AZE,AZERBAIJAN,2013,"36,13,423",1.1,3.2,14.1,17.8,4.9,809.7460000000001
BHR,BAHRAIN,1989,"2,033",,6.8,7.5,13.9,6.3,65.452
BHR,BAHRAIN,1995,673,,6.6,,13.6,7.6,61.29
BGD,BANGLADESH,1986,"2,675",,17.3,0.2,70.9,66.8,15384.621000000001
BGD,BANGLADESH,1990,"1,914",,17.5,0.6,63.4,61.5,15889.546999999999
BGD,BANGLADESH,1991,"32,493",2.6,15.2,0.3,73.6,61.2,15998.583999999999
BGD,BANGLADESH,1992,"36,997",3.0,16.1,0.2,71.5,60.6,16042.636
BGD,BANGLADESH,1993,"42,826",2.5,14.0,0.4,69.2,56.1,16047.015
BGD,BANGLADESH,1994,"63,753",3.2,16.7,0.2,67.3,58.0,16047.944
BGD,BANGLADESH,1995,"87,051",2.7,15.1,0.2,65.8,55.2,16075.268
BGD,BANGLADESH,1996,"81,067",2.8,15.5,0.3,63.8,54.0,16113.488000000001
BGD,BANGLADESH,1997,"5,204",6.8,20.7,2.4,59.6,53.6,16160.17
BGD,BANGLADESH,1998,"49,496",2.3,15.0,0.2,59.3,50.7,16211.608
BGD,BANGLADESH,1999,"49,374",2.0,13.7,0.6,59.9,49.5,16254.466999999999
BGD,BANGLADESH,2000,"6,007",2.5,12.5,0.9,51.1,42.4,16282.15
BGD,BANGLADESH,2001,"63,444",2.3,12.7,0.9,53.2,43.2,16368.469
BGD,BANGLADESH,2002,"53,315",2.1,12.4,1.0,51.4,41.0,16391.13
BGD,BANGLADESH,2003,"86,999",2.1,12.5,1.0,47.8,38.9,16357.212
BGD,BANGLADESH,2004,"6,253",3.5,14.6,0.9,50.5,42.8,16275.278
BGD,BANGLADESH,2005,"74,758",1.9,11.8,1.0,45.9,37.3,16156.707
BGD,BANGLADESH,2006,"24,302",1.6,11.9,0.8,45.1,37.9,16077.841
BGD,BANGLADESH,2007,"5,488",2.9,17.5,1.1,43.2,41.3,15911.48
BGD,BANGLADESH,2011,"8,170",4.1,15.7,1.9,41.3,36.7,15076.216
BGD,BANGLADESH,2013,"19,921",1.6,9.6,1.6,42.0,31.9,14844.468
BGD,BANGLADESH,2013,"4,029",4.9,18.1,2.6,38.7,35.1,14844.468
BGD,BANGLADESH,2014,"7,642",3.2,14.4,1.6,36.2,32.8,14770.88
BGD,BANGLADESH,2018,,1.3,8.4,2.2,30.8,21.9,14516.613000000001
BRB,BARBADOS,2012,403,2.0,6.8,12.2,7.7,3.5,16.653
BLR,BELARUS,2005,"3,031",0.6,2.2,9.7,4.5,1.3,445.676
BLZ,BELIZE,1992,"8,516",,,,,5.4,30.406
BLZ,BELIZE,2006,722,0.8,1.9,13.6,22.0,5.0,37.919000000000004
BLZ,BELIZE,2011,"1,809",1.2,3.3,7.9,19.3,6.2,37.507
BLZ,BELIZE,2015,"2,426",0.5,1.8,7.3,15.0,4.6,38.586
BEN,BENIN,1996,"2,601",4.6,12.3,2.4,39.1,26.2,1107.596
BEN,BENIN,2001,"4,158",3.1,9.0,3.1,36.2,19.5,1252.442
BEN,BENIN,2014,"12,025",0.9,4.5,1.7,34.0,18.0,1704.4520000000002
BEN,BENIN,2018,"12,832",1.1,5.0,1.9,32.2,16.8,1841.6129999999998
BTN,BHUTAN,1987,"3,273",,5.2,3.5,60.9,34.0,84.935
BTN,BHUTAN,1999,"2,996",0.8,2.5,3.9,47.7,14.1,78.47800000000001
BTN,BHUTAN,2008,"2,160",1.4,4.5,5.4,34.9,10.4,68.817
BTN,BHUTAN,2010,"6,071",2.0,5.9,7.6,33.5,12.7,66.957
BOL,BOLIVIA (PLURINATIONAL STATE OF),1988,"1,51,481",,,,,9.8,996.065
BOL,BOLIVIA (PLURINATIONAL STATE OF),1989,"2,563",0.5,1.5,7.4,44.0,7.8,1013.3380000000001
BOL,BOLIVIA (PLURINATIONAL STATE OF),1990,"4,90,699",,,,,9.7,1030.271
BOL,BOLIVIA (PLURINATIONAL STATE OF),1991,"5,36,952",,,,,10.2,1052.057
BOL,BOLIVIA (PLURINATIONAL STATE OF),1992,"6,66,872",,,,,10.5,1066.86
BOL,BOLIVIA (PLURINATIONAL STATE OF),1994,"2,730",1.2,3.6,6.7,37.1,11.0,1086.076
BOL,BOLIVIA (PLURINATIONAL STATE OF),1998,"5,993",0.7,1.6,10.7,33.2,5.9,1132.938
BOL,BOLIVIA (PLURINATIONAL STATE OF),2003,"9,986",0.6,1.7,9.2,32.4,5.8,1182.636
BOL,BOLIVIA (PLURINATIONAL STATE OF),2008,"8,564",0.5,1.4,8.7,27.1,4.5,1196.198
BOL,BOLIVIA (PLURINATIONAL STATE OF),2012,"7,10,318",0.5,1.5,7.4,18.2,3.6,1191.066
BOL,BOLIVIA (PLURINATIONAL STATE OF),2016,"5,250",0.9,2.0,10.1,16.1,3.4,1198.9389999999999
BIH,BOSNIA AND HERZEGOVINA,2000,"2,598",3.5,7.4,16.3,12.1,4.2,234.46900000000002
BIH,BOSNIA AND HERZEGOVINA,2006,"3,158",1.5,4.0,25.7,11.8,1.6,165.01
BIH,BOSNIA AND HERZEGOVINA,2012,"2,199",1.6,2.3,17.4,8.9,1.6,182.99099999999999
BWA,BOTSWANA,1996,,,13.2,,35.1,15.1,218.62400000000002
BWA,BOTSWANA,2000,"1,77,285",2.7,5.9,10.1,29.1,11.1,216.96099999999998
BWA,BOTSWANA,2007,"2,639",3.0,7.3,10.0,28.9,11.8,244.542
BRA,BRAZIL,1989,"7,276",,,,19.4,5.3,17947.734
BRA,BRAZIL,1996,"4,139",1.0,2.8,6.1,13.0,4.5,17456.822
BRA,BRAZIL,2002,"17,107",,,,,3.7,17238.868000000002
BRA,BRAZIL,2007,"1,27,54,059",0.4,1.8,6.4,7.0,2.2,15642.56
BRN,BRUNEI DARUSSALAM,2009,"1,126",0.4,2.9,8.3,19.7,9.6,31.337
BGR,BULGARIA,2004,315,1.3,3.2,13.6,8.8,1.6,323.27099999999996
BGR,BULGARIA,2007,,0.8,4.5,6.5,6.6,2.5,361.28
BGR,BULGARIA,2014,,2.5,6.3,6.9,7.0,1.9,347.561
BFA,BURKINA FASO,1993,"4,557",5.9,15.4,2.8,38.7,28.7,1794.8429999999998
BFA,BURKINA FASO,1999,"3,941",5.6,15.5,1.9,41.4,30.9,2113.613
BFA,BURKINA FASO,2003,"9,290",9.7,21.2,5.4,43.1,35.2,2360.635
BFA,BURKINA FASO,2006,"4,321",12.1,24.4,7.0,40.0,35.9,2564.716
BFA,BURKINA FASO,2009,"15,318",2.7,11.3,,35.1,26.0,2773.741
BFA,BURKINA FASO,2010,"7,222",5.9,15.5,2.8,34.7,26.2,2842.946
BFA,BURKINA FASO,2011,"47,337",2.2,10.4,0.7,34.6,25.1,2920.986
BFA,BURKINA FASO,2012,"18,172",1.8,10.7,0.6,32.8,24.3,2986.467
BFA,BURKINA FASO,2013,"15,312",1.6,8.1,0.8,31.3,20.9,3044.475
BFA,BURKINA FASO,2014,"15,879",1.7,8.5,1.1,29.0,20.0,3101.116
BFA,BURKINA FASO,2016,"9,684",1.4,7.5,1.2,26.8,18.9,3220.6290000000004
BFA,BURKINA FASO,2017,"19,504",1.9,8.6,1.7,21.1,16.2,3281.695
BFA,BURKINA FASO,2018,"23,869",1.7,8.4,1.0,24.9,17.7,3344.616
BDI,BURUNDI,1987,"1,956",1.3,6.7,1.3,56.2,33.6,1021.437
BDI,BURUNDI,2000,"2,345",1.6,8.1,1.5,64.0,39.1,1155.817
BDI,BURUNDI,2005,"7,065",,9.0,,57.7,35.2,1306.825
BDI,BURUNDI,2010,"3,646",1.4,6.0,2.9,57.6,29.1,1578.6529999999998
BDI,BURUNDI,2016,"6,464",0.9,5.1,1.4,55.9,29.3,1905.899
BDI,BURUNDI,2019,,1.1,5.1,,54.2,27.2,2018.6970000000001
CPV,CABO VERDE,1985,"9,450",,4.2,,26.8,13.7,56.483999999999995
CPV,CABO VERDE,1994,"1,610",,6.9,,21.4,11.8,64.682
KHM,CAMBODIA,1996,"5,773",4.5,13.4,6.5,58.6,42.6,1750.7379999999998
KHM,CAMBODIA,2000,"3,617",7.5,17.1,4.0,49.0,39.7,1575.0539999999999
KHM,CAMBODIA,2005,"3,696",1.8,8.5,1.6,42.8,28.3,1531.751
KHM,CAMBODIA,2008,"4,98,33,504",1.9,9.1,2.0,39.5,28.3,1621.344
KHM,CAMBODIA,2010,"4,087",2.7,11.0,1.9,39.8,28.9,1672.089
KHM,CAMBODIA,2014,"5,005",2.5,9.7,2.2,32.4,24.1,1758.997
CMR,CAMEROON,1991,"2,421",1.1,4.5,4.7,31.6,12.9,2249.394
CMR,CAMEROON,1998,"2,070",1.8,6.2,8.2,38.2,17.3,2549.514
CMR,CAMEROON,2004,"3,867",2.3,6.2,8.7,35.6,15.1,2951.5890000000004
CMR,CAMEROON,2006,"6,077",2.6,7.6,10.5,37.6,16.5,3140.007
CMR,CAMEROON,2011,"6,014",2.0,5.7,6.5,32.6,15.2,3545.138
CMR,CAMEROON,2014,"6,776",1.3,5.2,6.7,31.7,14.8,3756.345
CMR,CAMEROON,2018,,1.6,4.3,11.0,28.9,11.0,4003.013
CAN,CANADA,2004,,,,10.4,,,1697.6029999999998
CAF,CENTRAL AFRICAN REPUBLIC (THE),1994,"2,448",2.6,8.7,3.7,41.5,24.0,528.307
CAF,CENTRAL AFRICAN REPUBLIC (THE),2000,"11,700",4.7,10.4,10.8,44.4,21.3,612.987
CAF,CENTRAL AFRICAN REPUBLIC (THE),2006,"7,775",5.0,12.1,8.6,43.6,26.1,699.11
CAF,CENTRAL AFRICAN REPUBLIC (THE),2010,"10,232",1.9,7.4,1.8,40.7,23.5,731.905
CAF,CENTRAL AFRICAN REPUBLIC (THE),2012,"15,458",1.6,7.4,2.0,39.7,24.5,739.462
CAF,CENTRAL AFRICAN REPUBLIC (THE),2018,,,6.6,,40.8,20.8,727.432
TCD,CHAD,1997,"5,913",6.1,16.5,2.7,44.5,34.3,1518.078
TCD,CHAD,2000,"5,191",4.2,13.9,2.7,38.9,29.2,1688.335
TCD,CHAD,2004,"4,871",6.5,16.2,4.2,44.4,33.8,1957.9360000000001
TCD,CHAD,2010,"12,706",6.3,16.3,2.8,38.7,30.3,2324.09
TCD,CHAD,2015,"11,253",4.4,13.3,2.8,39.8,29.4,2633.013
CHL,CHILE,1986,"1,96,467",,0.7,15.4,13.5,2.2,1322.604
CHL,CHILE,1994,"11,81,816",,0.5,10.1,4.2,0.8,1467.634
CHL,CHILE,1995,,,0.5,10.9,3.9,0.8,1459.639
CHL,CHILE,1996,"11,48,353",,0.5,10.7,3.7,0.7,1446.0739999999998
CHL,CHILE,1998,"10,63,064",,0.6,11.2,3.3,0.7,1389.1329999999998
CHL,CHILE,1999,"10,31,657",,0.5,11.9,3.1,0.7,1355.3020000000001
CHL,CHILE,2001,"10,02,454",,0.5,12.9,2.8,0.7,1279.623
CHL,CHILE,2002,"10,22,552",,0.5,12.0,2.5,0.7,1250.46
CHL,CHILE,2003,"10,22,896",,0.5,12.1,2.5,0.6,1232.375
CHL,CHILE,2004,"10,08,335",,0.5,12.1,2.4,0.6,1220.303
CHL,CHILE,2006,"9,73,578",,0.5,11.7,2.2,0.6,1208.005
CHL,CHILE,2007,"9,46,528",,0.3,9.8,2.1,0.6,1209.337
CHL,CHILE,2008,"9,64,033",,0.3,9.5,2.0,0.5,1213.015
CHL,CHILE,2013,"9,88,663",,0.3,10.1,1.8,0.5,1247.6960000000001
CHL,CHILE,2014,"8,39,435",,0.3,9.3,1.8,0.5,1245.002
CHN,CHINA,1987,"76,130",,4.8,,38.3,18.7,119337.771
CHN,CHINA,1990,"4,332",1.4,4.2,5.3,32.3,12.6,132966.782
CHN,CHINA,1992,"5,535",1.3,3.9,7.2,38.0,14.2,130485.494
CHN,CHINA,1995,"2,832",1.8,5.0,13.6,31.2,10.7,100534.92
CHN,CHINA,1998,"13,838",0.6,2.4,5.5,19.8,6.9,85061.969
CHN,CHINA,2000,"16,460",0.5,2.5,3.4,17.8,7.4,88692.597
CHN,CHINA,2002,"16,564",0.8,3.0,9.2,21.8,6.8,91696.558
CHN,CHINA,2005,"15,987",0.8,2.9,5.9,11.7,4.5,83125.614
CHN,CHINA,2008,"10,726",0.6,2.6,5.8,9.8,3.8,82746.94099999999
CHN,CHINA,2009,"10,635",0.7,2.6,5.7,9.0,3.4,83852.351
CHN,CHINA,2010,"15,399",0.7,2.3,6.6,9.4,3.4,84639.255
CHN,CHINA,2013,"28,840",,1.9,9.1,8.1,2.4,86717.349
COL,COLOMBIA,1986,"1,317",0.3,1.0,4.2,26.6,8.9,4056.29
COL,COLOMBIA,1989,"1,973",,3.8,,21.8,8.8,4152.1140000000005
COL,COLOMBIA,1995,"4,458",0.5,1.7,4.5,19.6,6.3,4440.145
COL,COLOMBIA,2000,"4,119",0.4,1.0,5.3,18.2,4.9,4355.54
COL,COLOMBIA,2004,"12,752",0.4,1.6,4.2,16.0,5.0,4247.488
COL,COLOMBIA,2010,"15,775",0.2,0.9,4.8,12.6,3.4,3834.0040000000004
COL,COLOMBIA,2016,"38,22,042",0.4,1.6,5.7,12.7,3.7,3693.906
COM,COMOROS (THE),1992,"1,954",,5.3,,38.5,15.2,77.983
COM,COMOROS (THE),1996,"1,005",4.5,10.7,5.3,40.0,21.1,83.015
COM,COMOROS (THE),2000,"4,314",7.2,13.3,21.5,46.9,25.1,88.75200000000001
COM,COMOROS (THE),2012,"3,169",4.5,11.2,10.6,31.1,16.9,111.40100000000001
COG,CONGO (THE),1987,"2,429",,6.6,1.6,30.1,16.4,369.595
COG,CONGO (THE),2005,"4,697",3.0,8.0,8.5,31.2,11.9,594.828
COG,CONGO (THE),2011,"4,648",1.7,6.0,3.5,24.4,11.8,725.637
COG,CONGO (THE),2014,"8,757",2.6,8.2,5.9,21.2,12.3,768.493
CRI,COSTA RICA,1989,"1,97,000",,,,,2.4,409.728
CRI,COSTA RICA,1990,"1,90,000",,,,,2.5,416.16
CRI,COSTA RICA,1991,"1,91,000",,,,,2.2,420.846
CRI,COSTA RICA,1992,"1,76,935",,,,,2.0,422.13199999999995
CRI,COSTA RICA,1993,"1,74,000",,,,,2.0,420.777
CRI,COSTA RICA,1994,"1,61,000",,,,,1.9,418.35900000000004
CRI,COSTA RICA,1996,"1,008",,2.4,9.5,8.2,3.8,410.88699999999994
CRI,COSTA RICA,2008,351,,1.0,8.1,5.6,1.1,352.88800000000003
CIV,COTE D'IVOIRE,1986,"1,947",,10.3,,22.5,10.8,1901.46
CIV,COTE D'IVOIRE,1994,"3,486",2.2,8.3,2.5,34.2,20.3,2389.654
CIV,COTE D'IVOIRE,1998,"1,690",1.9,6.9,4.6,31.2,18.2,2686.59
CIV,COTE D'IVOIRE,2006,"8,482",3.1,8.4,9.1,41.3,16.5,3160.547
CIV,COTE D'IVOIRE,2007,854,5.4,14.0,4.9,39.0,29.4,3201.357
CIV,COTE D'IVOIRE,2012,"3,680",1.8,7.6,3.2,29.9,15.7,3458.278
CIV,COTE D'IVOIRE,2016,"8,809",1.2,6.1,1.5,21.6,12.8,3806.33
CUB,CUBA,2000,"1,571",,2.4,,7.0,3.4,750.4730000000001
CZE,CZECHIA,1991,"32,345",,2.8,6.7,3.1,0.9,669.575
CZE,CZECHIA,2001,"16,469",1.0,4.6,4.4,2.7,2.1,417.63800000000003
PRK,DEMOCRATIC PEOPLE'S REP. OF KOREA (THE),1998,"1,263",,20.8,,63.9,55.5,2063.743
PRK,DEMOCRATIC PEOPLE'S REP. OF KOREA (THE),2000,"4,175",,12.2,,51.0,24.7,1987.652
PRK,DEMOCRATIC PEOPLE'S REP. OF KOREA (THE),2002,"5,297",3.5,8.7,0.9,44.7,17.8,1933.7020000000002
PRK,DEMOCRATIC PEOPLE'S REP. OF KOREA (THE),2004,"4,795",,8.5,,43.1,20.6,1928.043
PRK,DEMOCRATIC PEOPLE'S REP. OF KOREA (THE),2009,"2,172",0.5,5.2,0.0,32.4,18.8,1736.606
PRK,DEMOCRATIC PEOPLE'S REP. OF KOREA (THE),2012,"8,036",0.6,4.0,,27.9,15.2,1646.9270000000001
PRK,DEMOCRATIC PEOPLE'S REP. OF KOREA (THE),2017,"2,271",0.5,2.5,2.3,19.1,9.3,1740.55
COD,DEMOCRATIC REP. OF THE CONGO (THE),1995,"4,362",,11.4,,51.0,30.7,7688.98
COD,DEMOCRATIC REP. OF THE CONGO (THE),2001,"9,150",6.1,15.9,6.7,44.4,30.3,8933.779
COD,DEMOCRATIC REP. OF THE CONGO (THE),2007,"4,149",4.8,10.4,7.0,45.8,25.6,10993.051000000001
COD,DEMOCRATIC REP. OF THE CONGO (THE),2010,"10,774",2.8,8.5,4.9,43.4,24.2,12134.253999999999
COD,DEMOCRATIC REP. OF THE CONGO (THE),2013,"9,397",2.9,8.1,4.4,42.7,23.4,13355.337
DJI,DJIBOUTI,1989,"3,750",,12.5,,28.0,20.2,103.073
DJI,DJIBOUTI,1996,,,14.9,,31.7,16.0,96.743
DJI,DJIBOUTI,2002,"1,425",9.6,19.4,8.4,27.1,24.4,105.434
DJI,DJIBOUTI,2012,"3,153",9.2,21.5,8.1,33.5,29.9,92.531
DOM,DOMINICAN REPUBLIC (THE),1986,"1,794",1.0,3.3,3.8,20.4,8.7,939.0089999999999
DOM,DOMINICAN REPUBLIC (THE),1991,"2,991",0.6,2.1,4.3,21.1,8.4,977.922
DOM,DOMINICAN REPUBLIC (THE),1996,"3,565",0.6,2.0,6.7,13.5,4.7,1019.325
DOM,DOMINICAN REPUBLIC (THE),2000,"1,869",0.5,1.5,6.9,7.7,3.3,1008.0169999999999
DOM,DOMINICAN REPUBLIC (THE),2002,"10,666",0.8,2.2,8.6,11.6,4.2,998.0160000000001
DOM,DOMINICAN REPUBLIC (THE),2006,"3,782",,1.9,7.4,10.5,4.6,993.9810000000001
DOM,DOMINICAN REPUBLIC (THE),2007,"10,770",0.9,2.3,8.3,10.1,3.4,992.495
DOM,DOMINICAN REPUBLIC (THE),2013,"3,667",0.8,2.4,7.6,7.1,4.0,999.023
ECU,ECUADOR,1986,"7,798",,2.3,,40.2,14.5,1343.28
ECU,ECUADOR,1999,"13,68,536",0.4,2.7,2.6,27.9,10.4,1553.154
ECU,ECUADOR,2004,"5,263",0.7,2.0,5.3,29.2,6.7,1562.128
ECU,ECUADOR,2006,"14,38,765",0.5,2.1,5.2,25.9,6.8,1548.115
ECU,ECUADOR,2012,"16,21,518",0.7,2.4,7.5,25.4,6.4,1576.81
ECU,ECUADOR,2014,"15,23,946",0.6,1.6,8.0,23.9,5.1,1596.662
EGY,EGYPT,1988,"2,077",0.6,1.9,6.9,34.0,9.4,8495.019
EGY,EGYPT,1991,"3,614",2.3,4.5,14.9,34.9,10.5,8754.239
EGY,EGYPT,1993,"7,644",1.8,4.0,14.3,31.1,8.2,8579.93
EGY,EGYPT,1995,"10,226",2.3,5.7,14.6,34.8,10.8,8385.616
EGY,EGYPT,1997,"3,328",,7.5,,30.9,10.2,8266.325
EGY,EGYPT,1998,"3,997",,6.4,,26.3,9.4,8367.556999999999
EGY,EGYPT,2000,"10,669",,,,24.4,,8557.27
EGY,EGYPT,2003,"5,940",1.8,5.2,9.2,20.2,8.7,8744.939
EGY,EGYPT,2005,"12,828",2.5,5.3,14.1,23.9,5.4,8797.235
EGY,EGYPT,2008,"10,047",3.8,7.9,20.4,30.7,6.8,9135.679
EGY,EGYPT,2014,"14,899",4.8,9.5,15.7,22.3,7.0,11943.128999999999
SLV,EL SALVADOR,1988,"2,002",0.5,2.2,3.0,36.7,11.1,742.183
SLV,EL SALVADOR,1993,"7,787",0.5,1.5,3.7,31.6,8.0,767.556
SLV,EL SALVADOR,1998,"13,788",0.4,1.5,3.9,32.3,9.7,775.3860000000001
SLV,EL SALVADOR,2003,"6,368",0.3,1.3,5.8,24.6,6.1,691.2810000000001
SLV,EL SALVADOR,2008,"6,05,724",0.5,1.6,5.7,20.8,6.7,613.806
SLV,EL SALVADOR,2014,"7,229",0.4,2.1,6.4,13.6,5.0,587.168
GNQ,EQUATORIAL GUINEA,1997,412,2.5,4.0,3.4,38.7,13.8,89.04799999999999
GNQ,EQUATORIAL GUINEA,2000,"2,429",4.2,9.2,14.0,42.7,15.7,100.185
GNQ,EQUATORIAL GUINEA,2004,"33,334",1.3,2.8,8.3,35.0,10.6,117.413
GNQ,EQUATORIAL GUINEA,2011,"1,094",1.7,3.1,9.7,26.2,5.6,154.9
ERI,ERITREA,1993,,,11.8,,69.6,36.9,394.898
ERI,ERITREA,1995,"2,371",5.1,17.0,1.3,47.8,39.6,370.17
ERI,ERITREA,2002,"5,721",4.8,15.0,1.6,43.0,34.3,339.219
ERI,ERITREA,2010,"6,634",4.0,14.6,2.1,52.5,39.4,526.331
SWZ,ESWATINI,2000,"3,406",0.7,1.7,14.9,36.5,9.1,146.358
SWZ,ESWATINI,2006,"3,029",1.2,2.9,11.1,29.2,6.0,146.08700000000002
SWZ,ESWATINI,2008,"3,817",0.3,1.1,,40.4,7.3,149.924
SWZ,ESWATINI,2010,"2,572",0.4,0.8,10.7,30.9,5.9,151.903
SWZ,ESWATINI,2014,"2,641",0.4,2.0,9.0,25.5,5.8,146.88
ETH,ETHIOPIA,1992,"20,230",,9.2,,66.9,41.9,9676.525
ETH,ETHIOPIA,2000,"10,901",3.8,12.4,2.0,57.6,42.0,12347.59
ETH,ETHIOPIA,2005,"5,015",4.7,12.4,5.1,50.4,34.4,13553.113000000001
ETH,ETHIOPIA,2011,"11,224",2.9,9.8,1.8,44.4,29.2,14428.312
ETH,ETHIOPIA,2014,"4,921",2.5,8.7,2.6,40.4,25.2,15206.711000000001
ETH,ETHIOPIA,2016,"10,552",3.0,10.0,2.9,38.4,23.6,15823.333999999999
ETH,ETHIOPIA,2019,,1.2,7.2,2.1,36.8,21.1,16560.834
FJI,FIJI,1993,618,,9.8,2.2,4.3,6.9,98.50200000000001
FJI,FIJI,2004,818,2.0,6.3,5.1,7.5,5.3,89.97399999999999
GAB,GABON,2000,"3,179",1.5,4.2,5.5,25.9,9.0,184.69
GAB,GABON,2012,"3,999",1.3,3.4,7.7,17.0,6.4,253.983
GMB,GAMBIA (THE),1996,"2,401",,,,36.1,23.2,222.09900000000002
GMB,GAMBIA (THE),2000,"2,596",2.5,9.1,3.0,24.1,15.4,243.236
GMB,GAMBIA (THE),2006,"6,421",1.8,7.4,2.7,27.7,15.8,284.257
GMB,GAMBIA (THE),2010,"11,480",2.1,9.5,1.9,23.4,17.4,317.504
GMB,GAMBIA (THE),2012,"7,218",1.6,9.5,1.1,21.1,17.9,337.57800000000003
GMB,GAMBIA (THE),2013,"3,680",4.3,11.0,3.2,24.6,16.5,346.839
GMB,GAMBIA (THE),2018,"9,779",1.0,6.2,1.2,19.0,13.9,392.902
GMB,GAMBIA (THE),2018,"1,330",1.3,6.0,2.5,13.6,10.3,392.902
GEO,GEORGIA,1999,"3,434",,3.1,17.9,16.1,2.7,269.91900000000004
GEO,GEORGIA,2005,"1,924",1.1,3.0,20.8,14.6,2.4,233.077
GEO,GEORGIA,2009,"3,020",0.6,1.6,19.9,11.3,1.1,254.74400000000003
DEU,GERMANY,2004,"4,667",0.1,1.0,3.5,1.3,1.1,3679.491
DEU,GERMANY,2016,,,0.3,3.2,1.7,0.5,3603.889
GHA,GHANA,1988,"1,934",1.6,7.0,0.8,42.6,24.8,2427.597
GHA,GHANA,1993,"1,970",3.8,10.9,2.5,41.2,25.8,2709.9840000000004
GHA,GHANA,1998,"2,656",2.5,9.9,2.7,30.6,20.1,2956.5040000000004
GHA,GHANA,2003,"3,356",2.8,8.4,4.5,35.5,19.0,3199.225
GHA,GHANA,2006,"3,237",1.8,6.0,2.6,27.9,13.9,3326.705
GHA,GHANA,2008,"2,708",2.4,8.7,5.7,28.4,14.4,3448.6259999999997
GHA,GHANA,2011,"7,373",1.4,6.2,2.6,22.8,13.4,3671.288
GHA,GHANA,2014,"2,911",0.7,4.7,2.6,18.8,11.2,3890.1240000000003
GHA,GHANA,2017,,1.1,6.8,1.4,17.5,12.6,4069.6040000000003
GTM,GUATEMALA,1987,"2,227",0.4,1.9,2.4,66.2,27.9,1530.365
GTM,GUATEMALA,1995,"8,028",1.5,3.8,6.2,55.4,21.7,1766.974
GTM,GUATEMALA,1999,"3,762",1.4,2.9,6.9,53.1,20.3,1874.5420000000001
GTM,GUATEMALA,2000,"16,84,954",1.6,3.7,7.3,51.0,18.8,1895.1589999999999
GTM,GUATEMALA,2002,"5,625",0.8,1.9,5.2,54.8,18.2,1931.6879999999999
GTM,GUATEMALA,2009,"9,332",0.2,1.0,4.9,51.5,14.1,1956.2939999999999
GTM,GUATEMALA,2015,"12,609",0.1,0.8,4.9,46.7,12.4,1994.0279999999998
GIN,GUINEA,1994,"3,542",,14.0,,35.3,21.2,1309.8
GIN,GUINEA,1999,"3,098",4.0,9.7,4.4,31.1,20.0,1474.5810000000001
GIN,GUINEA,2005,"2,903",4.2,11.0,5.2,39.3,22.7,1630.3310000000001
GIN,GUINEA,2007,"11,781",2.8,8.3,,40.0,20.8,1689.852
GIN,GUINEA,2011,"7,997",1.1,5.1,3.0,34.4,16.0,1802.101
GIN,GUINEA,2012,"3,674",4.1,10.0,3.8,31.1,18.8,1827.671
GIN,GUINEA,2016,"7,138",2.9,8.1,4.0,32.4,18.3,1945.4460000000001
GIN,GUINEA,2018,"4,035",3.6,9.2,5.6,30.3,16.3,2019.747
GNB,GUINEA-BISSAU,2000,"4,497",4.8,11.8,5.0,33.8,19.8,207.783
GNB,GUINEA-BISSAU,2006,"5,282",4.5,8.8,16.9,47.7,17.4,231.25099999999998
GNB,GUINEA-BISSAU,2010,"12,213",1.0,5.9,2.8,32.0,18.0,254.83900000000003
GNB,GUINEA-BISSAU,2014,"7,460",1.4,6.0,2.3,27.6,17.0,279.434
GUY,GUYANA,1993,581,,,,,16.1,94.704
GUY,GUYANA,1997,289,,13.3,1.9,14.0,10.3,102.619
GUY,GUYANA,2000,"2,562",4.3,12.1,5.5,13.9,11.9,96.09
GUY,GUYANA,2006,"2,267",2.6,8.3,6.8,17.9,10.8,80.942
GUY,GUYANA,2009,"1,656",1.2,5.5,6.7,19.3,11.0,74.018
GUY,GUYANA,2014,"3,134",1.7,6.4,5.3,11.3,8.2,74.484
HTI,HAITI,1990,"1,843",,5.9,,40.1,23.7,1142.943
HTI,HAITI,1994,"2,914",3.0,9.3,4.3,37.1,23.8,1161.815
HTI,HAITI,2000,"6,263",1.5,5.5,3.1,28.8,13.9,1207.519
HTI,HAITI,2006,"2,905",3.3,10.2,3.9,29.6,18.9,1246.633
HTI,HAITI,2012,"4,591",1.3,5.1,3.6,22.0,11.6,1270.1689999999999
HTI,HAITI,2017,"6,646",0.8,3.7,3.4,21.9,9.5,1271.7730000000001
HND,HONDURAS,1987,"3,244",,2.3,2.7,43.3,18.1,810.128
HND,HONDURAS,1992,"5,961",,2.1,,42.5,15.8,890.059
HND,HONDURAS,1994,"1,875",,2.7,,45.7,16.1,926.694
HND,HONDURAS,1996,"1,456",0.3,1.6,2.8,38.6,17.9,969.783
HND,HONDURAS,2001,"5,663",0.2,1.3,3.0,35.5,12.8,1070.673
HND,HONDURAS,2006,"9,733",0.3,1.4,5.8,29.8,8.7,1052.8419999999999
HND,HONDURAS,2012,"10,254",0.3,1.4,5.2,22.6,7.1,1020.993
IND,INDIA,1989,"13,548",,20.3,,62.7,55.5,121226.737
IND,INDIA,1992,"2,948",,20.0,,61.9,52.8,123144.679
IND,INDIA,1993,"38,418",7.0,19.9,2.9,57.7,51.2,123695.19900000001
IND,INDIA,1997,"22,959",,18.4,5.9,45.9,38.4,126145.646
IND,INDIA,1999,"26,403",5.7,17.1,2.9,54.2,46.3,127300.714
IND,INDIA,2006,"49,149",6.8,20.0,1.9,47.8,43.5,129784.914
IND,INDIA,2014,"91,273",4.6,15.1,,38.7,29.4,120676.724
IND,INDIA,2015,"2,30,488",7.7,20.8,2.4,37.9,36.3,118983.308
IND,INDIA,2017,,4.9,17.3,1.6,34.7,33.4,116172.498
IDN,INDONESIA,1987,"28,169",,,,,35.9,22821.335
IDN,INDONESIA,1989,"14,101",,,,,31.0,22414.803
IDN,INDONESIA,1992,"33,742",,,,,29.8,21956.356
IDN,INDONESIA,1996,"9,227",,14.9,6.5,48.1,30.3,21900.255
IDN,INDONESIA,1998,"25,505",,,,,25.8,21572.127
IDN,INDONESIA,1999,"78,849",,,,,22.8,21376.853
IDN,INDONESIA,2000,"1,06,147",0.9,5.5,1.5,42.4,24.8,21305.368
IDN,INDONESIA,2001,"96,417",0.8,5.4,1.5,41.6,23.4,21469.843999999997
IDN,INDONESIA,2002,"74,360",,,,,23.0,21637.21
IDN,INDONESIA,2003,"77,110",,,,,23.1,21838.019
IDN,INDONESIA,2004,"3,116",5.1,14.4,5.1,28.6,19.7,22054.871
IDN,INDONESIA,2005,"94,652",,,,,24.4,22258.096
IDN,INDONESIA,2007,"77,808",6.8,14.8,11.2,40.1,19.6,22542.464
IDN,INDONESIA,2010,"18,768",5.4,12.3,12.3,39.2,18.6,23172.917999999998
IDN,INDONESIA,2013,"75,232",6.7,13.5,11.5,36.4,19.9,23913.401
IDN,INDONESIA,2018,,3.5,10.2,8.0,30.5,17.7,24350.302000000003
IRN,IRAN (ISLAMIC REPUBLIC OF),1995,"11,139",,8.1,5.5,24.4,13.8,7332.956
IRN,IRAN (ISLAMIC REPUBLIC OF),1998,"2,536",,6.1,6.9,20.4,9.5,6173.345
IRN,IRAN (ISLAMIC REPUBLIC OF),2004,"34,200",,4.8,,7.1,4.6,5681.335999999999
IRN,IRAN (ISLAMIC REPUBLIC OF),2011,,1.4,4.0,,6.8,4.1,6383.670999999999
IRQ,IRAQ,1991,"2,565",,4.4,,27.6,10.4,3055.473
IRQ,IRAQ,2000,"14,188",2.4,6.6,5.5,28.1,12.8,3830.633
IRQ,IRAQ,2003,,,5.6,,33.7,10.1,4115.937
IRQ,IRAQ,2004,"16,464",,6.9,,20.0,8.0,4177.419
IRQ,IRAQ,2006,"16,263",2.7,5.8,15.0,27.5,7.1,4276.069
IRQ,IRAQ,2011,"35,633",2.7,6.5,11.4,22.1,7.2,4634.29
IRQ,IRAQ,2018,"16,502",0.9,3.0,6.1,12.6,3.9,5404.397
JAM,JAMAICA,1989,860,,4.4,,12.4,6.3,296.632
JAM,JAMAICA,1991,709,1.2,5.5,2.3,11.8,5.6,288.802
JAM,JAMAICA,1992,"1,797",0.3,2.7,3.1,14.4,5.7,287.476
JAM,JAMAICA,1993,910,2.6,4.4,4.6,12.6,6.1,288.642
JAM,JAMAICA,1994,951,0.9,3.0,6.2,12.1,4.6,290.425
JAM,JAMAICA,1995,976,0.8,4.8,5.9,9.7,4.8,291.52099999999996
JAM,JAMAICA,1996,980,0.1,2.5,3.8,11.2,5.6,293.407
JAM,JAMAICA,1997,918,0.3,2.2,5.5,8.7,3.5,294.18
JAM,JAMAICA,1998,"2,321",0.9,2.6,4.3,9.5,3.8,293.67400000000004
JAM,JAMAICA,1999,736,0.9,2.4,6.3,5.7,2.1,291.932
JAM,JAMAICA,2000,732,1.5,3.0,7.3,7.2,3.9,288.993
JAM,JAMAICA,2001,582,1.0,3.2,5.8,6.6,4.0,285.763
JAM,JAMAICA,2002,"3,251",0.7,2.4,8.5,8.2,2.7,279.884
JAM,JAMAICA,2004,793,1.1,4.5,7.5,4.9,3.1,264.671
JAM,JAMAICA,2006,615,0.9,3.7,6.1,7.5,4.8,247.285
JAM,JAMAICA,2007,665,1.2,2.7,8.7,5.4,1.8,240.362
JAM,JAMAICA,2008,"1,581",0.3,2.5,7.8,6.9,2.4,235.851
JAM,JAMAICA,2010,592,1.5,4.8,4.1,6.0,3.4,230.553
JAM,JAMAICA,2012,"1,740",0.8,3.0,7.8,6.8,2.7,232.702
JAM,JAMAICA,2014,584,0.5,3.6,8.3,6.0,2.2,235.24599999999998
JPN,JAPAN,2010,"6,643",0.2,2.3,1.5,7.1,3.4,5554.144
JOR,JORDAN,1990,"6,762",1.5,4.0,8.5,20.0,5.1,599.474
JOR,JORDAN,1997,"5,651",0.6,2.4,4.3,11.1,3.8,732.034
JOR,JORDAN,2002,"4,762",0.8,2.5,4.5,11.7,3.7,762.55
JOR,JORDAN,2009,"4,118",0.2,1.6,6.6,8.2,1.9,957.497
JOR,JORDAN,2012,"5,924",0.7,2.4,4.7,7.8,3.0,1090.3310000000001
KAZ,KAZAKHSTAN,1995,729,1.8,6.4,4.1,23.3,4.4,1450.0510000000002
KAZ,KAZAKHSTAN,1999,624,1.0,2.5,4.9,13.2,3.8,1129.484
KAZ,KAZAKHSTAN,2006,"4,400",2.3,4.9,16.9,17.5,4.9,1301.703
KAZ,KAZAKHSTAN,2010,"5,015",1.7,4.1,13.3,13.1,3.7,1591.999
KAZ,KAZAKHSTAN,2015,"5,304",1.1,3.1,9.3,8.0,2.0,1954.031
KEN,KENYA,1987,"6,957",,5.5,,37.0,,4256.485
KEN,KENYA,1993,"5,006",2.6,7.1,5.8,40.2,19.4,4635.673
KEN,KENYA,1994,"37,12,355",2.4,6.8,5.1,41.1,17.9,4674.726
KEN,KENYA,1998,"3,050",3.1,7.2,5.8,37.4,17.5,5165.473
KEN,KENYA,2000,"6,418",2.9,7.4,8.1,40.8,17.1,5538.880999999999
KEN,KENYA,2003,"5,544",2.4,6.2,5.8,35.8,16.4,6007.359
KEN,KENYA,2005,"38,18,246",2.4,6.9,7.9,40.3,18.0,6208.241
KEN,KENYA,2008,"5,705",2.1,6.9,5.0,35.5,16.5,6599.5830000000005
KEN,KENYA,2014,"19,250",1.0,4.2,4.1,26.2,11.2,7034.659000000001
KIR,KIRIBATI,1985,"2,941",,12.6,15.9,34.4,11.3,10.008
KIR,KIRIBATI,2009,"1,044",,,,,15.1,13.244000000000002
KWT,KUWAIT,1996,"12,376",,1.7,8.9,5.0,1.5,172.243
KWT,KUWAIT,2001,"4,878",0.4,2.2,11.0,4.0,2.2,230.201
KWT,KUWAIT,2002,"3,842",0.5,2.2,6.6,3.6,2.1,226.343
KWT,KUWAIT,2003,"4,308",0.7,2.6,6.8,3.9,2.3,217.521
KWT,KUWAIT,2004,"4,381",1.1,3.4,7.1,4.1,2.8,211.043
KWT,KUWAIT,2005,"5,601",1.0,3.3,7.5,4.5,2.7,213.145
KWT,KUWAIT,2006,"3,422",0.6,2.8,8.7,4.6,2.7,211.498
KWT,KUWAIT,2007,"3,949",0.8,3.6,8.5,5.1,2.9,220.877
KWT,KUWAIT,2008,"4,199",0.5,2.2,9.3,5.1,2.3,238.356
KWT,KUWAIT,2009,"4,099",0.3,1.8,9.0,3.8,1.7,257.687
KWT,KUWAIT,2010,"4,062",0.6,2.4,7.8,4.1,1.7,273.634
KWT,KUWAIT,2011,"4,200",0.4,1.7,8.3,4.0,2.1,291.11
KWT,KUWAIT,2012,"3,860",0.6,2.4,9.5,4.3,2.2,301.118
KWT,KUWAIT,2013,"3,571",0.7,2.7,7.8,4.8,3.1,304.468
KWT,KUWAIT,2014,"2,864",0.6,2.4,8.7,5.8,3.0,304.089
KWT,KUWAIT,2015,"3,571",,3.1,6.0,4.9,,302.482
KWT,KUWAIT,2016,,,2.4,6.8,5.9,,305.16900000000004
KWT,KUWAIT,2017,,,2.5,5.5,6.4,,304.748
KGZ,KYRGYZSTAN,1997,"1,034",0.8,2.9,8.1,36.2,10.4,564.395
KGZ,KYRGYZSTAN,2006,"2,944",1.0,3.4,10.7,18.1,2.7,495.25199999999995
KGZ,KYRGYZSTAN,2009,"1,743",0.3,1.3,4.4,22.6,4.7,571.001
KGZ,KYRGYZSTAN,2012,"4,421",1.3,2.8,8.9,17.9,3.8,684.515
KGZ,KYRGYZSTAN,2014,"4,441",0.8,2.8,7.0,12.9,2.8,750.07
KGZ,KYRGYZSTAN,2018,"3,440",0.7,2.0,6.9,11.8,1.8,787.721
LAO,LAO PEOPLE'S DEMOCRATIC REP. (THE),1993,"1,365",,11.8,,53.6,39.8,817.955
LAO,LAO PEOPLE'S DEMOCRATIC REP. (THE),1994,"2,950",,12.3,,52.9,35.9,829.821
LAO,LAO PEOPLE'S DEMOCRATIC REP. (THE),2000,"1,421",7.5,17.5,2.7,47.5,35.6,797.215
LAO,LAO PEOPLE'S DEMOCRATIC REP. (THE),2006,"3,992",1.7,7.4,1.3,47.7,31.6,759.7560000000001
LAO,LAO PEOPLE'S DEMOCRATIC REP. (THE),2011,"10,814",1.4,5.9,2.0,44.2,26.6,795.4730000000001
LAO,LAO PEOPLE'S DEMOCRATIC REP. (THE),2015,"29,999",2.4,9.7,2.5,35.5,25.5,781.052
LAO,LAO PEOPLE'S DEMOCRATIC REP. (THE),2017,"11,555",3.0,9.0,3.5,33.1,21.1,780.948
LBN,LEBANON,1996,"1,824",1.6,3.6,20.8,17.2,3.5,440.189
LBN,LEBANON,2004,"1,128",2.9,6.6,16.7,16.5,4.2,433.42400000000004
LSO,LESOTHO,1992,"4,687",,3.2,,39.2,13.8,276.243
LSO,LESOTHO,1993,449,,22.4,,37.5,18.9,275.75
LSO,LESOTHO,2000,"3,530",3.0,6.8,21.0,52.7,14.9,276.93
LSO,LESOTHO,2004,"1,754",2.2,5.6,6.7,44.7,16.6,266.618
LSO,LESOTHO,2009,"2,138",1.5,3.8,7.3,39.3,13.4,251.83700000000002
LSO,LESOTHO,2014,"1,914",0.6,2.8,7.5,33.4,10.5,243.37599999999998
LSO,LESOTHO,2018,"3,171",0.8,2.1,6.6,34.6,10.5,252.292
LBR,LIBERIA,2000,"46,034",2.2,7.4,4.6,45.3,22.8,484.76
LBR,LIBERIA,2007,"5,441",3.0,7.9,4.2,39.6,20.4,585.734
LBR,LIBERIA,2010,"6,395",1.0,4.0,2.7,39.0,16.6,641.398
LBR,LIBERIA,2013,"3,625",2.0,5.6,3.2,32.1,15.3,676.953
LBR,LIBERIA,2016,"5,925",0.7,4.3,2.7,30.1,13.6,702.5419999999999
LBY,LIBYA,1995,"4,681",1.5,3.6,13.4,21.1,4.2,601.727
LBY,LIBYA,2007,"10,723",2.9,6.5,22.4,21.0,5.6,600.288
LBY,LIBYA,2014,,5.3,10.2,29.6,38.1,11.7,663.695
MDG,MADAGASCAR,1992,"4,319",1.2,6.4,1.6,60.5,35.2,2226.883
MDG,MADAGASCAR,1993,"3,131",,16.4,,54.1,40.9,2292.714
MDG,MADAGASCAR,1995,"5,049",,9.0,,55.2,30.4,2438.716
MDG,MADAGASCAR,1997,"3,331",2.5,8.9,2.2,58.2,38.0,2611.1910000000003
MDG,MADAGASCAR,2004,"5,766",5.6,15.1,6.2,52.7,36.7,3079.357
MDG,MADAGASCAR,2009,-,,,,49.4,,3352.2209999999995
MDG,MADAGASCAR,2012,"10,835",0.9,7.5,1.1,48.9,32.6,3528.0029999999997
MDG,MADAGASCAR,2018,"12,481",1.0,6.4,1.4,41.6,26.4,3934.343
MWI,MALAWI,1992,"3,419",2.1,6.6,9.8,55.4,24.4,1800.342
MWI,MALAWI,1995,"3,654",,8.5,,53.8,26.5,1776.769
MWI,MALAWI,1998,"10,38,651",4.1,8.7,17.3,62.3,24.5,1892.134
MWI,MALAWI,2000,"10,728",2.9,6.8,8.8,54.7,21.5,2013.864
MWI,MALAWI,2002,"16,82,992",2.5,6.3,10.0,58.3,21.7,2132.152
MWI,MALAWI,2004,"9,440",3.2,6.3,10.2,52.5,18.6,2229.02
MWI,MALAWI,2006,"22,348",1.5,4.2,11.3,53.1,15.6,2357.654
MWI,MALAWI,2009,981,,1.8,4.9,48.8,12.1,2572.697
MWI,MALAWI,2010,"5,167",1.5,4.0,9.0,47.3,13.9,2632.4440000000004
MWI,MALAWI,2014,"18,523",1.1,3.8,5.1,42.4,16.7,2758.829
MWI,MALAWI,2015,"5,786",0.6,2.8,4.6,37.4,11.8,2777.065
MWI,MALAWI,2016,"3,621",0.6,3.9,1.5,38.3,15.0,2781.8140000000003
MWI,MALAWI,2016,"2,785",0.4,2.4,2.3,44.2,15.8,2781.8140000000003
MWI,MALAWI,2017,,0.3,2.2,,,11.2,2801.736
MWI,MALAWI,2018,"3,216",0.1,1.3,2.5,39.0,11.8,2835.1679999999997
MYS,MALAYSIA,1990,"3,16,306",,,,,22.1,2437.331
MYS,MALAYSIA,1991,"3,23,299",,,,,23.1,2468.663
MYS,MALAYSIA,1992,"3,25,469",,,,,22.6,2500.097
MYS,MALAYSIA,1993,"3,13,246",,,,,20.5,2532.239
MYS,MALAYSIA,1994,"3,17,551",,,,,19.7,2564.6710000000003
MYS,MALAYSIA,1995,"3,44,736",,,,,17.7,2595.647
MYS,MALAYSIA,1999,"5,108",,15.3,5.5,20.7,16.7,2684.759
MYS,MALAYSIA,2006,"5,546",,,,17.2,12.9,2490.847
MYS,MALAYSIA,2015,"2,486",,8.0,7.1,17.7,12.4,2504.056
MYS,MALAYSIA,2016,,,11.5,6.0,20.7,13.7,2553.619
MDV,MALDIVES,1994,"1,995",3.5,16.1,1.2,36.1,32.5,41.015
MDV,MALDIVES,1995,798,,18.9,2.2,33.0,39.0,39.913000000000004
MDV,MALDIVES,1997,"1,486",9.2,19.9,9.8,43.0,36.7,36.61
MDV,MALDIVES,2001,746,3.5,13.4,3.9,31.9,25.7,30.18
MDV,MALDIVES,2009,"2,840",2.7,10.6,6.2,19.0,17.7,32.509
MLI,MALI,1987,"1,525",3.2,11.3,0.5,35.8,28.6,1502.531
MLI,MALI,1996,"4,987",9.8,22.0,2.3,39.9,37.7,1863.183
MLI,MALI,2001,"10,568",4.2,12.6,3.1,42.5,30.0,2140.554
MLI,MALI,2006,"12,602",6.1,15.4,4.6,37.6,27.9,2570.891
MLI,MALI,2010,"22,931",1.9,8.9,1.0,27.8,18.9,2928.051
MLI,MALI,2015,"14,941",3.4,13.5,1.9,30.4,25.0,3269.5490000000004
MLI,MALI,2018,"9,743",2.6,9.0,2.0,26.9,18.6,3460.191
MHL,MARSHALL ISLANDS,2017,876,1.1,3.5,4.1,34.8,11.9,1.0
MRT,MAURITANIA,1988,931,,19.1,,40.2,,338.292
MRT,MAURITANIA,1990,"4,294",8.0,17.4,6.8,54.6,43.1,353.349
MRT,MAURITANIA,1996,"3,733",,8.7,,49.8,20.3,395.865
MRT,MAURITANIA,2000,"3,824",7.2,15.3,3.8,38.6,29.7,432.584
MRT,MAURITANIA,2007,"8,107",3.8,13.6,2.3,31.5,25.5,511.30300000000005
MRT,MAURITANIA,2008,"5,58,861",1.1,8.1,1.0,23.6,16.5,523.9169999999999
MRT,MAURITANIA,2011,"8,520",4.0,13.9,3.2,29.7,24.4,567.356
MRT,MAURITANIA,2012,"6,573",1.9,11.7,1.2,23.0,20.2,583.1419999999999
MRT,MAURITANIA,2015,"9,926",3.5,14.8,1.3,27.9,24.9,628.482
MRT,MAURITANIA,2018,"13,620",2.3,11.5,1.5,22.8,19.2,668.659
MUS,MAURITIUS,1985,"2,430",,18.3,8.8,27.3,21.1,104.34
MUS,MAURITIUS,1995,"1,537",,15.7,6.5,13.6,13.0,111.01
MEX,MEXICO,1988,"7,422",,7.4,6.1,28.7,12.4,11342.633
MEX,MEXICO,1989,"14,932",1.7,6.1,11.0,26.0,9.6,11444.17
MEX,MEXICO,1996,"31,601",,8.5,,25.8,10.3,11489.28
MEX,MEXICO,1998,"1,01,25,945",0.7,2.0,7.5,21.4,5.6,11456.848
MEX,MEXICO,2006,"94,00,075",0.4,2.0,7.5,15.5,3.4,11394.496000000001
MEX,MEXICO,2012,"1,07,47,724",0.4,1.6,9.0,13.6,2.8,11170.676000000001
MEX,MEXICO,2015,"7,806",0.4,1.0,5.2,12.4,3.9,11234.088
MEX,MEXICO,2016,"1,10,93,877",0.3,2.0,5.3,10.0,4.2,11264.091
MNG,MONGOLIA,1992,"1,679",,2.4,,33.1,11.8,326.28
MNG,MONGOLIA,1999,"4,146",1.9,4.3,7.0,30.1,10.8,239.36599999999999
MNG,MONGOLIA,2000,"5,918",3.0,7.1,12.7,29.8,11.6,233.94
MNG,MONGOLIA,2004,"1,247",0.1,0.6,6.1,23.5,4.8,218.903
MNG,MONGOLIA,2005,"3,357",1.1,2.7,14.2,27.5,5.3,221.602
MNG,MONGOLIA,2010,"2,13,90,978",0.5,1.8,6.7,15.5,4.7,283.893
MNG,MONGOLIA,2013,"5,744",0.4,1.0,10.5,10.8,1.6,338.98900000000003
MNG,MONGOLIA,2016,"2,243",0.4,1.2,11.7,7.3,0.8,374.176
MNG,MONGOLIA,2018,"5,957",0.3,0.9,10.5,9.4,1.8,380.273
MNE,MONTENEGRO,2005,891,2.2,4.2,15.7,7.9,2.2,40.301
MNE,MONTENEGRO,2013,"1,392",1.2,2.8,22.3,9.4,1.0,38.348
MAR,MOROCCO,1987,"4,404",1.5,3.9,5.6,31.0,10.4,3530.6820000000002
MAR,MOROCCO,1992,"4,649",1.1,2.6,10.8,30.1,8.1,3320.972
MAR,MOROCCO,1997,"3,653",2.0,4.7,13.7,28.9,7.7,3281.966
MAR,MOROCCO,2003,"5,602",5.0,10.8,13.4,23.1,9.8,3030.272
MAR,MOROCCO,2011,"6,873",1.0,2.3,10.8,14.9,2.9,3213.6809999999996
MAR,MOROCCO,2017,"6,076",1.1,2.6,10.9,15.1,2.6,3487.63
MOZ,MOZAMBIQUE,1995,"4,586",,9.6,,59.9,23.9,2721.9309999999996
MOZ,MOZAMBIQUE,1997,"3,621",4.3,9.8,5.9,48.7,26.3,2917.468
MOZ,MOZAMBIQUE,2001,"18,68,604",3.6,8.1,8.8,50.7,24.5,3278.055
MOZ,MOZAMBIQUE,2003,"9,052",2.1,5.4,6.3,46.9,21.2,3509.278
MOZ,MOZAMBIQUE,2008,"10,691",1.3,4.2,3.6,43.5,18.2,4020.577
MOZ,MOZAMBIQUE,2011,"10,696",2.4,6.1,7.8,42.9,15.6,4256.094
MOZ,MOZAMBIQUE,2015,"37,39,713",1.7,4.4,7.0,42.3,15.6,4635.479
MMR,MYANMAR,1990,"5,899",,,,,32.5,5276.911
MMR,MYANMAR,1991,"5,540",,12.7,,53.6,37.0,5194.512
MMR,MYANMAR,1994,"5,994",,9.2,,58.7,31.2,5054.443
MMR,MYANMAR,1995,"19,908",,,,,38.7,5042.4259999999995
MMR,MYANMAR,1997,"4,894",,9.6,9.7,55.4,28.1,5081.455
MMR,MYANMAR,2000,"8,492",2.9,10.7,2.4,40.8,30.0,5207.087
MMR,MYANMAR,2003,"5,874",3.7,11.7,6.9,42.7,29.2,5362.486
MMR,MYANMAR,2009,"15,430",2.1,7.9,2.6,35.1,22.6,5040.175
MMR,MYANMAR,2016,"4,204",1.3,6.6,1.5,29.4,18.5,4545.6140000000005
NAM,NAMIBIA,1992,"2,553",3.2,9.6,4.5,35.6,21.4,253.611
NAM,NAMIBIA,2000,"4,273",3.0,10.0,3.3,29.3,20.2,265.43
NAM,NAMIBIA,2007,"5,151",2.0,7.6,4.7,29.2,17.4,261.428
NAM,NAMIBIA,2013,"2,610",2.8,7.1,4.0,22.7,13.2,313.885
NRU,NAURU,2007,267,0.2,1.0,2.8,24.0,4.8,1.0
NPL,NEPAL,1995,"6,781",,6.0,,68.2,42.6,3376.775
NPL,NEPAL,1996,"3,972",2.8,12.6,0.7,65.7,47.1,3450.425
NPL,NEPAL,1998,"17,471",1.4,7.9,0.4,61.1,38.2,3561.2709999999997
NPL,NEPAL,2001,"6,356",2.8,11.3,0.7,57.1,42.8,3601.164
NPL,NEPAL,2006,"5,195",2.7,12.7,0.6,49.2,38.5,3243.134
NPL,NEPAL,2011,"2,521",2.9,11.2,1.5,40.5,29.1,2983.473
NPL,NEPAL,2014,"5,155",3.2,11.3,2.1,37.5,30.1,2823.184
NPL,NEPAL,2016,"2,477",1.9,9.6,1.2,36.0,27.2,2769.163
NIC,NICARAGUA,1993,"3,609",0.9,2.5,5.5,29.6,9.6,698.285
NIC,NICARAGUA,1998,"6,837",1.5,3.4,6.9,30.5,10.3,686.398
NIC,NICARAGUA,2001,"5,741",0.9,2.3,7.2,25.1,7.7,662.1080000000001
NIC,NICARAGUA,2004,"1,494",0.0,0.3,5.2,18.8,4.3,656.426
NIC,NICARAGUA,2006,"12,318",0.5,1.5,6.2,23.1,5.7,658.212
NIC,NICARAGUA,2012,"10,311",0.7,2.2,8.3,17.3,4.6,670.204
NER,NIGER (THE),1985,"1,672",,25.3,,43.8,45.0,1430.4920000000002
NER,NIGER (THE),1992,"4,284",6.7,18.8,2.0,45.3,38.7,1726.4389999999999
NER,NIGER (THE),1998,"4,204",6.5,19.8,1.1,50.7,46.9,2172.025
NER,NIGER (THE),2000,"4,831",6.1,16.2,1.7,53.5,43.1,2342.97
NER,NIGER (THE),2006,"4,389",4.3,12.5,3.5,54.8,39.9,2960.305
NER,NIGER (THE),2012,"5,822",6.7,18.2,3.1,43.5,38.0,3690.051
NER,NIGER (THE),2012,,2.7,13.4,0.8,39.9,32.1,3690.051
NER,NIGER (THE),2013,,2.5,12.4,0.4,42.5,33.1,3818.03
NER,NIGER (THE),2014,,2.7,14.2,0.5,42.2,34.6,3947.465
NER,NIGER (THE),2016,"32,30,436",2.1,10.4,1.1,41.3,32.0,4228.159000000001
NER,NIGER (THE),2018,,3.0,14.1,1.0,48.5,37.5,4503.387
NGA,NIGERIA,1990,"5,854",4.4,11.7,3.3,48.7,33.1,16798.895
NGA,NIGERIA,1993,"2,664",,20.6,5.5,43.8,35.1,17830.17
NGA,NIGERIA,2003,"5,219",4.7,11.2,6.3,42.5,26.7,23022.562
NGA,NIGERIA,2007,"13,323",6.6,13.4,13.3,39.2,23.3,25754.299
NGA,NIGERIA,2008,"23,792",7.7,14.5,10.4,40.6,26.7,26384.572999999997
NGA,NIGERIA,2011,"24,169",3.1,10.2,3.0,35.8,24.2,28405.417999999998
NGA,NIGERIA,2013,"28,947",9.0,18.1,5.0,36.5,31.0,29803.347999999998
NGA,NIGERIA,2014,"19,949",1.8,7.9,1.8,33.6,20.6,30478.641
NGA,NIGERIA,2015,"17,731",1.8,7.3,1.6,33.0,19.5,31132.119
NGA,NIGERIA,2016,"27,398",2.9,10.8,1.5,43.6,31.5,31830.807
NGA,NIGERIA,2018,"12,695",1.8,6.8,2.1,36.8,21.8,32917.192
MKD,NORTH MACEDONIA,1999,"1,117",0.4,1.7,9.6,8.0,1.9,140.378
MKD,NORTH MACEDONIA,2005,"4,223",1.3,3.4,16.2,11.3,1.8,124.03299999999999
MKD,NORTH MACEDONIA,2011,"1,332",0.2,1.8,12.4,4.9,1.3,110.975
OMN,OMAN,1991,764,,7.8,8.4,24.2,18.6,323.05400000000003
OMN,OMAN,1994,639,0.8,7.2,1.0,21.1,10.4,316.09
OMN,OMAN,1999,"13,961",1.3,7.8,1.6,15.8,13.0,288.703
OMN,OMAN,2009,"8,105",0.8,7.1,1.7,9.8,8.6,275.445
OMN,OMAN,2014,,2.4,7.5,4.4,14.1,9.7,366.134
OMN,OMAN,2017,,3.1,9.3,4.2,11.4,11.2,423.51
PAK,PAKISTAN,1986,"6,707",,24.0,7.8,62.5,44.4,16224.663999999999
PAK,PAKISTAN,1991,"4,588",4.8,12.5,5.4,54.5,39.0,19020.728
PAK,PAKISTAN,1992,"3,240",5.0,17.2,1.6,42.7,35.3,19479.293
PAK,PAKISTAN,1995,"7,368",,,,,34.2,20542.96
PAK,PAKISTAN,2001,"10,027",5.8,14.1,4.8,41.4,31.2,22111.536
PAK,PAKISTAN,2011,"29,525",5.7,14.8,6.4,43.0,30.9,24407.638
PAK,PAKISTAN,2013,"3,838",3.3,10.5,4.8,45.0,31.8,25121.446
PAK,PAKISTAN,2018,"3,622",2.4,7.1,2.5,37.6,23.1,27290.917999999998
PAN,PANAMA,1997,"2,76,729",0.3,1.3,6.4,16.8,5.0,327.691
PAN,PANAMA,2003,"3,13,165",0.4,1.6,11.1,23.7,5.3,350.045
PAN,PANAMA,2008,"2,88,853",0.3,1.2,9.7,19.0,3.9,360.272
PNG,PAPUA NEW GUINEA,1983,"27,510",1.2,5.5,3.1,46.0,22.8,648.25
PNG,PAPUA NEW GUINEA,2005,924,0.8,4.4,3.4,43.9,18.1,947.8919999999999
PNG,PAPUA NEW GUINEA,2010,"9,45,911",6.4,14.1,13.7,49.5,27.8,1012.1419999999999
PRY,PARAGUAY,1990,"3,450",0.2,0.6,6.3,18.3,2.8,659.7689999999999
PRY,PARAGUAY,2005,"4,83,612",,1.1,7.1,17.5,3.4,677.9810000000001
PRY,PARAGUAY,2012,"5,58,648",0.4,2.6,11.3,10.7,2.6,695.3969999999999
PRY,PARAGUAY,2016,"4,428",0.4,1.0,12.4,5.6,1.3,684.758
PER,PERU,1991,"7,205",0.6,1.9,9.3,37.3,8.8,3141.134
PER,PERU,1996,"13,829",0.7,1.6,9.9,31.6,5.7,3104.0
PER,PERU,2000,"10,710",0.4,1.1,11.8,31.3,5.2,2999.922
PER,PERU,2005,"1,912",0.1,1.0,9.1,29.2,5.4,2937.224
PER,PERU,2007,"7,911",0.2,0.8,10.0,28.0,4.3,2975.905
PER,PERU,2009,"9,180",0.2,0.6,10.3,23.9,4.3,3008.742
PER,PERU,2010,"8,726",0.1,0.7,8.0,23.3,4.3,3004.452
PER,PERU,2011,"8,869",0.1,0.4,8.8,19.5,4.2,3012.156
PER,PERU,2012,"9,190",0.1,0.6,7.2,18.4,3.4,2966.366
PER,PERU,2013,"8,316",0.2,0.4,8.4,17.7,3.6,2892.909
PER,PERU,2014,"9,164",0.1,0.6,8.8,14.8,3.2,2829.817
PER,PERU,2015,"11,141",0.1,0.6,8.2,14.7,3.4,2799.873
PER,PERU,2016,"10,586",0.1,0.6,7.7,13.1,3.2,2708.3
PER,PERU,2017,"9,362",0.1,0.5,8.0,12.9,3.2,2705.216
PER,PERU,2018,"8,894",0.1,0.5,8.6,12.2,2.6,2756.62
PHL,PHILIPPINES (THE),1987,"2,250",,5.7,,44.7,29.3,8873.88
PHL,PHILIPPINES (THE),1990,"5,629",,6.9,,43.3,29.9,9441.99
PHL,PHILIPPINES (THE),1992,"5,858",,8.8,1.7,40.9,29.8,9761.431
PHL,PHILIPPINES (THE),1993,"4,229",,9.1,,38.9,26.3,9859.886
PHL,PHILIPPINES (THE),1998,"24,308",,8.0,1.9,38.3,28.3,10437.771
PHL,PHILIPPINES (THE),2003,"3,499",1.6,6.0,2.4,33.8,20.7,11252.505
PHL,PHILIPPINES (THE),2008,"18,403",2.0,6.9,3.3,32.3,20.7,11181.54
PHL,PHILIPPINES (THE),2011,"6,05,19,772",2.0,7.0,3.7,33.4,20.2,11129.545
PHL,PHILIPPINES (THE),2013,"1,02,43,911",2.4,7.6,4.5,30.0,19.9,11375.488000000001
PHL,PHILIPPINES (THE),2015,"1,04,32,478",1.6,6.8,3.3,33.1,21.4,11477.213
PHL,PHILIPPINES (THE),2018,,,5.6,4.0,30.3,19.1,11035.267
POL,POLAND,2009,,,,,2.9,,1976.249
POL,POLAND,2014,,,,,2.6,,1926.497
QAT,QATAR,1995,"1,180",,2.1,10.4,11.6,4.8,50.012
KOR,REPUBLIC OF KOREA (THE),2003,"2,040",0.2,0.9,6.2,2.5,0.9,2685.256
KOR,REPUBLIC OF KOREA (THE),2010,"17,83,845",0.1,1.2,7.3,2.5,0.7,2288.938
MDA,REPUBLIC OF MOLDOVA (THE),2005,"1,581",2.4,5.8,8.9,10.7,3.2,205.482
MDA,REPUBLIC OF MOLDOVA (THE),2012,"1,724",0.5,1.9,4.9,6.4,2.2,225.62099999999998
ROU,ROMANIA,1991,"10,957",,3.3,4.0,11.2,5.0,1845.714
ROU,ROMANIA,1999,"21,103",0.8,3.6,10.1,15.3,3.4,1094.2839999999999
ROU,ROMANIA,2000,"22,225",1.1,4.3,8.9,12.8,3.7,1101.366
ROU,ROMANIA,2001,"22,667",1.0,3.9,9.1,14.0,3.8,1152.31
ROU,ROMANIA,2002,"15,533",0.7,3.5,8.3,12.8,3.5,1147.229
RWA,RWANDA,1992,"4,498",1.8,5.0,4.0,56.8,24.2,1166.46
RWA,RWANDA,1996,"1,115",,11.0,,45.4,22.6,813.977
RWA,RWANDA,2000,"6,793",3.8,8.7,7.1,47.9,20.3,1289.528
RWA,RWANDA,2005,"3,999",1.7,4.9,6.7,51.4,17.9,1406.0
RWA,RWANDA,2009,,1.6,4.6,,52.0,15.8,1545.151
RWA,RWANDA,2010,"4,408",0.9,2.9,6.9,44.3,11.7,1578.4089999999999
RWA,RWANDA,2012,"4,457",0.5,2.4,6.0,43.8,12.0,1633.869
RWA,RWANDA,2015,"3,881",0.7,2.3,7.9,38.3,9.6,1690.2020000000002
RWA,RWANDA,2015,"4,051",0.4,2.0,5.6,36.9,8.9,1690.2020000000002
LCA,SAINT LUCIA,2012,283,0.7,3.7,6.3,2.5,2.8,11.07
WSM,SAMOA,1999,"1,107",,1.3,6.2,6.4,1.7,25.636999999999997
WSM,SAMOA,2014,"2,961",1.3,3.9,5.3,4.9,3.2,28.554000000000002
STP,SAO TOME AND PRINCIPE,1986,"2,155",,6.0,,32.0,14.5,18.281
STP,SAO TOME AND PRINCIPE,2000,"1,737",1.2,3.9,9.3,35.5,10.2,23.065
STP,SAO TOME AND PRINCIPE,2006,"2,848",,9.6,15.4,28.9,8.0,28.144000000000002
STP,SAO TOME AND PRINCIPE,2008,"1,751",5.0,11.6,11.1,30.8,14.8,29.162
STP,SAO TOME AND PRINCIPE,2014,"1,939",0.8,4.0,2.4,17.2,8.8,30.828000000000003
SAU,SAUDI ARABIA,1994,"23,821",,2.9,1.2,21.4,13.5,2752.7690000000002
SAU,SAUDI ARABIA,2005,"15,601",4.5,11.8,6.1,9.3,5.3,2736.025
SEN,SENEGAL,1986,630,1.2,5.1,2.3,26.5,17.0,1279.819
SEN,SENEGAL,1992,,,9.0,4.0,34.4,20.4,1423.1729999999998
SEN,SENEGAL,1993,"4,047",3.0,9.4,4.0,29.8,19.0,1455.386
SEN,SENEGAL,1996,,,8.2,,28.8,19.6,1553.665
SEN,SENEGAL,2000,"10,98,683",2.9,10.0,3.2,26.0,17.8,1658.629
SEN,SENEGAL,2005,"3,010",2.3,8.7,2.5,19.9,14.5,1843.683
SEN,SENEGAL,2011,"3,925",2.3,9.8,2.7,26.7,18.4,2221.1220000000003
SEN,SENEGAL,2012,"27,528",1.2,8.7,0.7,15.5,14.4,2285.8579999999997
SEN,SENEGAL,2013,"5,961",1.9,9.0,1.4,18.8,16.7,2343.304
SEN,SENEGAL,2014,"5,978",0.7,5.9,1.3,18.8,12.8,2395.731
SEN,SENEGAL,2015,"6,097",1.5,7.8,1.0,20.7,16.1,2445.327
SEN,SENEGAL,2016,"5,750",1.2,7.1,0.9,17.1,13.8,2491.26
SEN,SENEGAL,2017,"10,911",1.5,9.0,0.9,16.5,14.4,2527.1020000000003
SEN,SENEGAL,2019,"9,358",2.2,8.1,2.6,18.8,13.3,2584.884
SRB,SERBIA,2005,"3,525",1.8,4.5,19.3,8.1,1.8,536.006
SRB,SERBIA,2010,"3,004",0.8,3.5,15.6,6.6,1.6,489.48
SRB,SERBIA,2014,"2,353",1.1,3.9,13.9,6.0,1.8,443.994
SYC,SEYCHELLES,1988,836,,2.7,5.8,7.7,5.0,8.397
SYC,SEYCHELLES,2012,"5,283",1.2,4.3,10.2,7.9,3.6,7.816
SLE,SIERRA LEONE,1989,"4,424",,8.4,,41.4,23.7,755.545
SLE,SIERRA LEONE,1990,"4,595",,10.2,,40.9,25.4,760.355
SLE,SIERRA LEONE,2000,"1,977",3.9,11.6,4.8,35.5,23.4,788.65
SLE,SIERRA LEONE,2005,"4,428",4.2,10.2,5.9,45.0,27.2,956.8710000000001
SLE,SIERRA LEONE,2008,"3,052",4.6,10.5,10.1,37.2,21.5,1031.01
SLE,SIERRA LEONE,2010,"8,100",3.2,8.5,9.6,44.4,21.7,1054.6660000000002
SLE,SIERRA LEONE,2013,"5,776",4.3,9.4,8.8,37.8,18.2,1088.0910000000001
SLE,SIERRA LEONE,2017,"11,637",2.3,6.8,4.2,31.0,15.6,1121.384
SLE,SIERRA LEONE,2017,"11,299",1.0,5.1,2.0,29.3,13.6,1121.384
SLE,SIERRA LEONE,2019,,1.1,5.4,4.5,29.5,13.6,1147.3110000000001
SGP,SINGAPORE,2000,"16,220",0.5,3.6,2.6,4.4,3.3,237.083
SLB,SOLOMON ISLANDS,1989,"3,980",2.0,7.4,1.9,33.7,16.3,52.052
SLB,SOLOMON ISLANDS,2007,"2,029",1.4,4.3,2.5,32.8,11.5,75.422
SLB,SOLOMON ISLANDS,2015,"3,767",3.6,8.5,4.5,31.7,16.2,93.586
SOM,SOMALIA,2000,"3,582",,19.3,,29.2,22.8,1777.5439999999999
SOM,SOMALIA,2006,"5,696",4.4,13.3,4.7,42.0,32.8,2057.311
SOM,SOMALIA,2009,"1,137",4.3,14.3,3.0,25.3,22.5,2217.124
ZAF,SOUTH AFRICA,1994,"4,089",4.2,9.1,13.6,29.7,14.9,5192.969
ZAF,SOUTH AFRICA,1995,"9,807",,3.3,10.3,28.7,8.0,5114.903
ZAF,SOUTH AFRICA,1999,"1,556",,4.5,10.4,30.1,9.8,4888.759
ZAF,SOUTH AFRICA,2004,"4,652",4.3,7.8,17.2,35.5,12.1,4883.204000000001
ZAF,SOUTH AFRICA,2008,"31,51,438",2.4,4.8,13.3,24.9,8.8,5274.302
ZAF,SOUTH AFRICA,2012,"48,92,568",3.1,5.6,17.2,27.2,8.5,5752.842
ZAF,SOUTH AFRICA,2016,"1,416",0.6,2.5,13.3,27.4,5.9,5815.375
SSD,SOUTH SUDAN,2006,"13,29,786",12.9,24.6,10.9,36.2,32.5,1335.359
SSD,SOUTH SUDAN,2010,"6,378",9.9,22.7,6.0,31.3,27.7,1583.1660000000002
LKA,SRI LANKA,1987,"1,974",1.6,14.9,0.3,32.3,32.8,1883.1779999999999
LKA,SRI LANKA,1993,"3,067",,17.5,,29.7,33.8,1723.4779999999998
LKA,SRI LANKA,1995,"2,782",,15.3,,26.1,29.3,1716.2679999999998
LKA,SRI LANKA,2000,"2,513",2.4,15.5,1.0,18.4,22.8,1641.32
LKA,SRI LANKA,2007,"6,648",2.8,14.7,1.6,17.3,21.1,1796.203
LKA,SRI LANKA,2009,"2,589",1.9,11.8,0.8,19.2,21.6,1792.2579999999998
LKA,SRI LANKA,2012,"7,306",3.0,21.3,0.6,14.6,26.1,1764.381
LKA,SRI LANKA,2016,"7,908",3.0,15.1,2.0,17.3,20.5,1712.612
PSE,STATE OF PALESTINE,1996,"4,451",,3.6,4.0,10.6,3.6,545.491
PSE,STATE OF PALESTINE,2002,936,,9.4,,16.1,,577.6619999999999
PSE,STATE OF PALESTINE,2004,"5,342",1.4,3.1,9.0,10.7,3.3,573.0840000000001
PSE,STATE OF PALESTINE,2006,"9,359",0.7,1.8,11.4,13.6,2.6,577.712
PSE,STATE OF PALESTINE,2010,"9,157",1.0,3.3,5.3,10.9,3.7,625.242
PSE,STATE OF PALESTINE,2014,"7,222",0.3,1.2,8.2,7.4,1.4,670.525
SDN,SUDAN (THE),2006,"41,51,294",5.7,14.5,4.2,38.3,27.0,5265.818
SDN,SUDAN (THE),2010,"12,188",4.1,15.4,1.5,34.1,29.8,5557.946999999999
SDN,SUDAN (THE),2014,"11,712",4.5,16.3,3.0,38.2,33.0,5829.274
SUR,SURINAME,2000,"1,768",2.0,7.0,2.9,14.1,11.1,53.65
SUR,SURINAME,2006,"1,981",1.0,4.9,4.0,10.6,7.5,53.17100000000001
SUR,SURINAME,2010,"2,870",0.8,5.0,4.0,8.8,5.8,52.358000000000004
SYR,SYRIAN ARAB REPUBLIC (THE),1993,"4,154",4.5,10.0,15.0,32.8,11.5,2158.072
SYR,SYRIAN ARAB REPUBLIC (THE),1995,"2,425",,10.4,,26.5,11.3,2185.907
SYR,SYRIAN ARAB REPUBLIC (THE),2000,"6,262",,4.9,,24.3,6.0,2432.026
SYR,SYRIAN ARAB REPUBLIC (THE),2001,"6,367",5.4,10.3,19.7,31.1,11.1,2499.911
SYR,SYRIAN ARAB REPUBLIC (THE),2006,"10,595",4.8,10.3,18.7,28.7,10.0,2638.577
SYR,SYRIAN ARAB REPUBLIC (THE),2010,"14,335",5.5,11.5,17.9,27.9,10.4,2942.763
TJK,TAJIKISTAN,1999,"3,599",,11.4,,41.5,,895.637
TJK,TAJIKISTAN,2000,"5,657",,9.4,,42.1,,892.437
TJK,TAJIKISTAN,2001,"3,704",,19.4,,43.2,,886.613
TJK,TAJIKISTAN,2002,"4,543",,6.1,,37.1,,875.654
TJK,TAJIKISTAN,2003,"4,654",,5.9,,42.4,,862.533
TJK,TAJIKISTAN,2005,"4,219",3.5,8.7,6.8,33.1,14.9,856.773
TJK,TAJIKISTAN,2007,"51,48,057",3.0,6.9,12.0,39.3,15.1,888.165
TJK,TAJIKISTAN,2009,"75,16,356",1.3,4.3,4.2,28.8,8.3,948.76
TJK,TAJIKISTAN,2012,"5,348",4.1,9.9,6.7,26.9,13.3,1099.494
TJK,TAJIKISTAN,2016,,1.2,3.6,3.7,19.6,6.4,1269.761
TJK,TAJIKISTAN,2017,"6,716",1.8,5.6,3.3,17.5,7.6,1303.516
THA,THAILAND,1987,"1,843",0.9,5.7,1.3,24.6,20.2,5586.318
THA,THAILAND,1993,"11,748",,7.3,,21.1,16.3,5223.68
THA,THAILAND,1995,"4,178",,6.7,4.7,18.1,15.4,5125.275
THA,THAILAND,2006,"47,11,296",1.4,4.7,8.0,15.7,7.0,4182.899
THA,THAILAND,2012,"9,203",2.2,6.7,10.9,16.4,9.2,4007.509
THA,THAILAND,2016,"11,189",1.4,5.4,8.2,10.5,6.7,3784.092
TLS,TIMOR-LESTE,2002,"4,133",4.9,13.7,5.7,55.7,40.6,155.05700000000002
TLS,TIMOR-LESTE,2003,"5,255",,14.3,,54.8,41.5,159.679
TLS,TIMOR-LESTE,2007,"1,45,253",4.5,21.3,1.5,57.2,49.5,169.326
TLS,TIMOR-LESTE,2009,"9,114",7.6,18.9,5.8,57.5,44.9,163.28799999999998
TLS,TIMOR-LESTE,2013,"14,51,858",2.1,9.9,1.6,51.7,37.5,154.874
TGO,TOGO,1988,"1,667",1.4,5.9,2.9,40.7,21.7,653.615
TGO,TOGO,1996,"3,761",,,,40.2,16.7,726.957
TGO,TOGO,1998,"3,603",3.6,12.4,2.3,33.2,23.8,768.985
TGO,TOGO,2006,"3,595",6.3,15.5,4.8,29.9,23.3,974.05
TGO,TOGO,2008,"3,204",0.7,6.0,,26.9,20.5,1022.3839999999999
TGO,TOGO,2010,"4,625",1.0,4.8,1.6,29.8,16.6,1065.211
TGO,TOGO,2012,,0.7,5.5,1.7,26.2,16.5,1102.655
TGO,TOGO,2014,"3,325",1.5,6.6,2.0,27.6,16.1,1132.623
TGO,TOGO,2017,,1.1,5.0,1.5,23.8,15.2,1174.306
TON,TONGA,1986,"1,094",,1.3,,2.2,,14.520999999999999
TON,TONGA,2012,"1,394",2.1,5.2,17.3,8.1,1.9,13.28
TTO,TRINIDAD AND TOBAGO,1987,826,1.2,4.8,3.5,6.3,6.2,153.931
TTO,TRINIDAD AND TOBAGO,2000,761,0.9,5.2,5.0,5.3,4.3,89.616
TTO,TRINIDAD AND TOBAGO,2011,"1,095",2.1,6.4,11.4,9.2,4.9,97.59299999999999
TUN,TUNISIA,1988,"2,015",0.6,3.1,3.7,18.5,7.9,1072.401
TUN,TUNISIA,1997,891,,7.2,1.4,11.9,3.3,898.842
TUN,TUNISIA,2000,"10,553",,2.9,,16.8,3.5,840.666
TUN,TUNISIA,2006,"2,842",1.2,3.4,8.8,9.0,3.3,802.318
TUN,TUNISIA,2012,"2,677",1.7,2.8,14.3,10.1,2.3,923.428
TUN,TUNISIA,2018,"3,340",0.9,2.1,17.2,8.4,1.6,1035.907
TUR,TURKEY,1993,"3,255",1.0,3.9,4.9,23.6,8.7,6445.376
TUR,TURKEY,1995,"2,871",,,,,9.0,6438.95
TUR,TURKEY,1998,"2,867",0.8,3.0,3.8,18.8,7.0,6565.825
TUR,TURKEY,2004,"3,772",0.4,1.1,8.8,15.2,3.5,6580.835
TUR,TURKEY,2008,"2,694",0.3,1.0,9.8,12.5,1.9,6379.973000000001
TUR,TURKEY,2013,"2,651",0.5,1.9,11.1,10.0,2.3,6645.944
TUR,TURKEY,2018,,,1.7,8.1,6.0,1.5,6749.274
TKM,TURKMENISTAN,2000,"2,928",,7.1,,28.1,10.5,489.647
TKM,TURKMENISTAN,2006,"2,040",2.1,7.2,4.5,18.9,9.2,522.462
TKM,TURKMENISTAN,2015,"3,718",1.1,4.2,5.9,11.5,3.2,678.765
TUV,TUVALU,2007,430,0.9,3.3,6.3,10.0,1.6,1.0
UGA,UGANDA,1988,"3,819",0.9,3.1,3.6,47.7,19.7,3180.7470000000003
UGA,UGANDA,1995,"5,012",2.0,5.9,5.0,45.7,20.8,4100.305
UGA,UGANDA,2000,"6,315",1.5,5.0,4.9,44.9,19.2,4736.456
UGA,UGANDA,2006,"2,742",2.2,6.2,4.9,38.4,16.3,5654.524
UGA,UGANDA,2009,,1.4,4.4,3.2,38.2,15.7,6110.879
UGA,UGANDA,2011,"2,395",1.5,4.6,3.8,33.5,14.1,6424.52
UGA,UGANDA,2012,"29,47,915",0.3,4.2,5.8,33.7,11.9,6568.534000000001
UGA,UGANDA,2014,,0.9,3.8,3.6,34.0,11.7,6856.724
UGA,UGANDA,2016,"5,136",1.3,3.5,3.7,28.9,10.4,7198.326
UKR,UKRAINE,2000,"4,247",3.8,8.2,26.5,22.9,4.1,2160.097
TZA,UNITED REPUBLIC OF TANZANIA (THE),1991,"6,400",2.8,7.8,5.8,49.9,24.8,4710.997
TZA,UNITED REPUBLIC OF TANZANIA (THE),1996,"5,561",2.9,8.5,4.6,49.6,26.8,5383.096
TZA,UNITED REPUBLIC OF TANZANIA (THE),1999,"2,648",2.0,5.6,3.3,48.3,25.3,5627.8640000000005
TZA,UNITED REPUBLIC OF TANZANIA (THE),2004,"8,168",1.0,3.5,4.9,44.4,16.7,6576.269
TZA,UNITED REPUBLIC OF TANZANIA (THE),2009,"52,11,951",0.8,2.9,4.7,43.2,16.4,7706.205
TZA,UNITED REPUBLIC OF TANZANIA (THE),2010,"7,676",1.3,4.9,5.4,42.1,16.1,7901.238
TZA,UNITED REPUBLIC OF TANZANIA (THE),2011,"64,97,375",1.7,6.2,5.1,35.0,14.1,8090.972
TZA,UNITED REPUBLIC OF TANZANIA (THE),2013,"63,52,019",1.5,4.4,5.1,37.4,13.1,8426.615
TZA,UNITED REPUBLIC OF TANZANIA (THE),2014,"16,867",0.9,3.8,,34.7,13.4,8593.615
TZA,UNITED REPUBLIC OF TANZANIA (THE),2015,"9,886",1.2,4.5,3.7,34.5,13.7,8770.56
TZA,UNITED REPUBLIC OF TANZANIA (THE),2018,,0.4,3.5,2.8,31.8,14.6,9316.107
USA,UNITED STATES OF AMERICA (THE),1991,"6,662",0.1,0.7,5.4,3.2,0.9,19515.152
USA,UNITED STATES OF AMERICA (THE),2001,"2,666",0.0,0.4,7.0,3.3,1.1,19359.971
USA,UNITED STATES OF AMERICA (THE),2005,"3,092",0.1,0.8,8.1,3.2,1.1,20270.037
USA,UNITED STATES OF AMERICA (THE),2009,"2,898",0.0,0.5,7.8,2.7,0.8,20974.629
USA,UNITED STATES OF AMERICA (THE),2012,600,0.0,0.5,6.0,2.1,0.5,20679.186
USA,UNITED STATES OF AMERICA (THE),2014,,,0.3,8.2,2.4,,20151.215
USA,UNITED STATES OF AMERICA (THE),2016,,,0.4,9.4,3.5,,19595.177
URY,URUGUAY,1987,"3,471",,,,21.0,6.5,258.776
URY,URUGUAY,1999,"11,413",0.8,2.3,9.0,12.8,4.7,273.671
URY,URUGUAY,2002,"7,091",0.5,2.4,10.0,14.7,5.4,261.276
URY,URUGUAY,2003,"2,787",0.9,2.8,11.5,15.8,5.1,258.592
URY,URUGUAY,2004,"7,012",0.7,3.0,9.4,13.9,6.0,255.985
URY,URUGUAY,2007,"3,004",1.0,2.5,7.9,10.8,4.2,246.55700000000002
URY,URUGUAY,2011,"2,979",0.0,1.3,7.2,10.7,4.0,234.75599999999997
UZB,UZBEKISTAN,1996,"1,148",6.1,10.7,15.9,39.5,13.3,3227.16
UZB,UZBEKISTAN,2002,"2,524",3.9,9.0,11.0,24.9,7.4,2642.6409999999996
UZB,UZBEKISTAN,2006,"4,883",1.6,4.4,12.2,19.6,4.4,2597.219
UZB,UZBEKISTAN,2017,"2,061",0.3,1.8,4.6,10.8,2.9,3363.002
VUT,VANUATU,1996,"1,297",,6.8,,25.7,10.6,26.795
VUT,VANUATU,2007,"1,342",1.9,5.9,4.7,25.7,11.5,30.776
VUT,VANUATU,2013,"1,328",1.5,4.7,4.9,28.9,11.7,37.743
VEN,VENEZUELA (BOLIVARIAN REPUBLIC OF),1987,"18,023",,2.2,9.0,7.0,3.9,2556.089
VEN,VENEZUELA (BOLIVARIAN REPUBLIC OF),1990,"1,80,709",,5.7,4.0,18.6,6.7,2701.0370000000003
VEN,VENEZUELA (BOLIVARIAN REPUBLIC OF),1991,"2,61,095",,4.5,4.3,18.2,5.4,2743.0159999999996
VEN,VENEZUELA (BOLIVARIAN REPUBLIC OF),1992,"2,57,491",,4.3,4.9,18.3,4.5,2759.3959999999997
VEN,VENEZUELA (BOLIVARIAN REPUBLIC OF),1993,"2,56,344",,4.0,4.9,17.4,4.0,2757.565
VEN,VENEZUELA (BOLIVARIAN REPUBLIC OF),1994,"2,35,552",,3.8,5.0,17.9,3.9,2751.4840000000004
VEN,VENEZUELA (BOLIVARIAN REPUBLIC OF),1995,"3,41,155",,3.8,4.7,18.9,4.1,2750.9040000000005
VEN,VENEZUELA (BOLIVARIAN REPUBLIC OF),1996,"3,44,701",,3.8,4.7,19.3,4.4,2739.739
VEN,VENEZUELA (BOLIVARIAN REPUBLIC OF),1997,"2,91,749",,3.8,5.0,19.9,4.5,2743.8559999999998
VEN,VENEZUELA (BOLIVARIAN REPUBLIC OF),1998,"2,99,531",,4.4,4.9,19.2,4.6,2759.202
VEN,VENEZUELA (BOLIVARIAN REPUBLIC OF),1999,"3,77,496",,4.0,5.2,18.3,4.1,2776.921
VEN,VENEZUELA (BOLIVARIAN REPUBLIC OF),2000,"3,21,257",,3.9,5.3,17.4,3.9,2790.755
VEN,VENEZUELA (BOLIVARIAN REPUBLIC OF),2001,,,4.4,5.4,17.3,4.0,2810.0609999999997
VEN,VENEZUELA (BOLIVARIAN REPUBLIC OF),2002,,,4.8,5.4,17.6,4.2,2825.7790000000005
VEN,VENEZUELA (BOLIVARIAN REPUBLIC OF),2003,,,5.2,5.3,17.7,4.6,2837.5490000000004
VEN,VENEZUELA (BOLIVARIAN REPUBLIC OF),2004,,,5.2,5.2,17.1,4.5,2847.468
VEN,VENEZUELA (BOLIVARIAN REPUBLIC OF),2005,,,4.8,5.5,16.2,4.1,2857.2940000000003
VEN,VENEZUELA (BOLIVARIAN REPUBLIC OF),2006,,,4.8,6.1,16.2,3.9,2874.0209999999997
VEN,VENEZUELA (BOLIVARIAN REPUBLIC OF),2007,"2,42,775",,5.0,6.1,15.6,3.7,2882.7540000000004
VEN,VENEZUELA (BOLIVARIAN REPUBLIC OF),2008,,,4.5,6.3,14.6,3.2,2887.014
VEN,VENEZUELA (BOLIVARIAN REPUBLIC OF),2009,,,4.1,6.4,13.4,2.9,2891.8979999999997
VNM,VIET NAM,1988,"7,044",,11.1,,61.3,40.7,8972.775
VNM,VIET NAM,1993,"2,702",1.3,6.7,2.9,61.5,36.6,9341.234
VNM,VIET NAM,1994,"37,764",,13.5,,52.5,40.6,9296.383
VNM,VIET NAM,1998,"12,919",,11.9,1.4,42.1,35.8,8048.682
VNM,VIET NAM,1999,"1,540",2.8,11.0,1.8,43.7,31.1,7564.743
VNM,VIET NAM,2000,"3,041",1.0,6.1,2.6,43.2,26.7,7190.755999999999
VNM,VIET NAM,2002,"1,529",2.4,8.9,2.6,37.5,23.4,6498.305
VNM,VIET NAM,2003,"1,457",2.8,10.9,2.2,35.4,24.6,6528.895
VNM,VIET NAM,2004,"1,500",2.8,11.3,2.7,33.7,23.8,6629.731
VNM,VIET NAM,2005,"1,493",2.8,10.7,2.6,33.2,22.7,6697.017
VNM,VIET NAM,2006,"1,531",2.5,9.9,3.1,31.8,22.1,6922.325
VNM,VIET NAM,2007,"1,507",2.4,10.1,2.9,32.2,22.6,7044.379
VNM,VIET NAM,2008,"1,484",2.5,9.7,3.0,30.5,20.2,7089.525
VNM,VIET NAM,2010,"94,256",3.8,7.1,,29.3,17.5,7210.284000000001
VNM,VIET NAM,2011,,,6.6,,27.5,16.8,7343.008000000001
VNM,VIET NAM,2010,"3,607",1.2,4.1,4.5,22.7,11.7,7210.284000000001
VNM,VIET NAM,2012,,,6.7,4.8,26.7,16.2,7433.6359999999995
VNM,VIET NAM,2013,"99,421",1.6,6.6,4.6,25.9,15.3,7505.594
VNM,VIET NAM,2014,"98,424",4.8,6.8,3.5,24.9,14.5,7571.8730000000005
VNM,VIET NAM,2015,"98,447",1.4,6.4,5.3,24.6,14.1,7642.771
VNM,VIET NAM,2016,,,,,24.3,13.8,7672.773
VNM,VIET NAM,2017,,1.2,5.8,5.9,23.8,13.4,7743.8730000000005
YEM,YEMEN,1991,"3,120",5.4,14.1,8.1,50.4,29.9,2654.203
YEM,YEMEN,1996,"3,833",,17.4,6.9,50.4,34.2,3104.875
YEM,YEMEN,1997,"8,222",6.8,16.5,3.7,55.2,43.0,3124.1240000000003
YEM,YEMEN,2003,"7,801",6.4,15.3,4.9,57.3,45.3,3171.92
YEM,YEMEN,2005,,4.4,13.7,6.3,57.0,36.7,3309.04
YEM,YEMEN,2011,"37,69,453",3.4,13.3,1.5,46.6,35.5,3685.836
YEM,YEMEN,2013,"14,624",5.4,16.4,2.5,46.4,39.9,3836.3340000000003
ZMB,ZAMBIA,1992,"5,057",2.2,6.3,4.7,46.3,21.2,1556.5220000000002
ZMB,ZAMBIA,1995,,,,,58.1,,1657.135
ZMB,ZAMBIA,1996,"5,612",1.7,5.3,6.2,48.6,19.6,1703.3670000000002
ZMB,ZAMBIA,1999,"11,05,300",1.8,5.0,14.0,59.2,19.6,1852.8110000000001
ZMB,ZAMBIA,2002,"6,023",2.3,6.2,5.9,52.5,23.2,2042.664
ZMB,ZAMBIA,2007,"5,933",2.3,5.6,8.4,45.8,14.9,2340.873
ZMB,ZAMBIA,2013,"12,877",2.5,6.2,6.2,40.0,14.9,2645.67
ZMB,ZAMBIA,2018,"9,689",1.5,4.2,5.2,34.6,11.8,2868.914
ZWE,ZIMBABWE,1987,"4,19,964",,,,,10.5,1656.354
ZWE,ZIMBABWE,1988,"2,470",0.4,1.7,5.4,31.0,8.0,1699.763
ZWE,ZIMBABWE,1994,"2,070",1.7,5.3,6.4,28.5,11.8,1737.402
ZWE,ZIMBABWE,1999,"3,181",4.1,8.3,10.5,33.8,11.5,1690.994
ZWE,ZIMBABWE,2005,"5,273",2.9,7.2,8.8,35.3,14.0,1771.441
ZWE,ZIMBABWE,2009,"6,196",0.5,2.4,3.5,35.1,11.7,1938.279
ZWE,ZIMBABWE,2010,"5,414",0.8,3.2,5.8,32.2,10.2,1997.281
ZWE,ZIMBABWE,2014,"9,591",0.7,3.2,3.6,27.6,11.2,2236.1820000000002
ZWE,ZIMBABWE,2015,"6,380",1.1,3.3,5.6,27.1,8.5,2258.788
ZWE,ZIMBABWE,2019,"5,978",0.3,2.9,2.5,23.5,9.7,2138.02